"Post ID",Survey,"Post Status","Created (UTC)","Updated (UTC)","Post Date (UTC)","Contact ID",Contact,"Data Source ID",Source,"Unstructured Description","Título de la necesidad",Descripción,"¿Dónde están las personas en necesidad?.lat","¿Dónde están las personas en necesidad?.lon","Dirección o referencias","Nota de avance","Título de la iniciativa","Descripción detallada","Ubicación aproximada (si aplica).lat","Ubicación aproximada (si aplica).lon","Dirección o referencias","¿Es un ofrecimiento individual o de grupo?","Título del producto o servicio","Descripción de la servicio o producto","Clasificación del Producto o Servicio","Telefono de contacto","Correo electrónico","Web o Redes Sociales Relacionadas",Título,Descripción,"Ubicación aproximada.lat","Ubicación aproximada.lon","Categorías relacionadas","Forma de contacto con el centro","Titulo de la necesidad",Descripción,"Teléfono de contacto:","Correo electrónico de contacto:","Ubicación aproximada.lat","Ubicación aproximada.lon",Dirección,"Categorías relacionadas:","Categorías relacionadas","¿La necesidad es de quién reporta o de un tercero?","¿Es una necesidad colectiva o individual?","Nombre y apellidos (de quien reporta)","Contacto (de quien reporta)",Foto,Video,"Estado del pedido. ¿Se ha ya resuelto?",Fuente,"Link a la fuente","¿Existe algún otro punto en el mapa que se relacione a este?","Acuerdo de consentimiento","Categorías relacionadas",Sector,"Foto / Volante","Video (opcional)","(Oferente) Nombre de la organización o persona referente","(Oferente) Email","(Oferente) Teléfono","(Oferente) Web, Twitter, Grupo Whatsapp, Telegram, y otras redes","(Oferente) Información adicional de la organización o áreas en las que requiere apoyo",Fuente,"Link a la fuente","Conexiones o colaboraciones","Acuerdo de consentimiento","Flyer o Imagen (opcional)","Ubicación aproximada.lat","Ubicación aproximada.lon","Dirección o referencias","Categorías relacionadas","Medidas de protección contra el Covid19","¿A qué otros puntos del mapa podríamos conectar este producto o servicio?",Fuente,"Link a la fuente","¿Está la necesidad resuelta?"
,,,,,,,,,,,,,,,,,,,,,,,,,,,,,,,,,,,,,,,,,,,,,,,,,,,,,,,,,,,,,,,,,,,,,,,,,,,,,
26,"Ofrecimientos de ayuda y otras iniciativas ciudadanas",published,"2020-06-04 01:31:00","2020-06-04 13:35:12","2020-06-04 01:29:50",,,,,,,,,,,,"Reforzamos el aprendizaje escolar a niñas y niños en asentamientos.","Somos un grupo de voluntarios que buscamos superar la
desigualdad educacional potenciando el desarrollo integral de
los niños que viven en los asentamientos, por medio de la
integración del ámbito académico y socioafectivo, en el
encuentro entre nosotros y la comunidad.",-25.164314,-57.494507,"Asentamiento Santa Rosa, Luque","Somos una organización o grupo",,,,,,,,,,,,,,,,,,,,,,,,,,,,,,,,,"Ayuda Psicológica,Ollas populares,Grupo de apoyo / Voluntarios,Capacitaciones / Talleres / Charlas / Webinars,Materiales educativos,Educación en general","Sociedad Civil","5/e/5ed84ed457217-logo apoyo escolar_mesa de trabajo 1 copia.jpg",,"Apoyo Escolar Paraguay",aescolar19@gmail.com,wa.link/5ugp8e,https://www.instagram.com/apoyoescolar_py/?hl=es-la,,Otro,,,"Estoy de acuerdo en que sea pública la información proporcionada en el presente formulario",,,,,,,,,,
25,"Ofrecimientos de ayuda y otras iniciativas ciudadanas",published,"2020-06-04 01:28:59","2020-06-04 13:42:06","2020-06-04 01:25:45",,,,,,,,,,,,"Reforzamos el aprendizaje escolar a niñas y niños en asentamientos.","Somos un grupo de voluntarios que buscamos superar la desigualdad educacional potenciando el desarrollo integral de los niños que viven en los asentamientos, por medio de la integración del ámbito académico y socioafectivo, en el encuentro entre nosotros y la comunidad.",-25.222018,-57.465749,"Asentamiento Divino Niño, Luque","Somos una organización o grupo",,,,,,,,,,,,,,,,,,,,,,,,,,,,,,,,,"Ayuda Psicológica,Ollas populares,Grupo de apoyo / Voluntarios,Capacitaciones / Talleres / Charlas / Webinars,Materiales educativos,Educación en general","Sociedad Civil","5/e/5ed84e5b854ab-logo apoyo escolar_mesa de trabajo 1 copia.jpg",,"Apoyo Escolar Paraguay",aescolar19@gmail.com,wa.link/5ugp8e,https://www.instagram.com/apoyoescolar_py/?hl=es-la,,Otro,,,"Estoy de acuerdo en que sea pública la información proporcionada en el presente formulario",,,,,,,,,,
24,"Ofrecimientos de ayuda y otras iniciativas ciudadanas",published,"2020-06-04 01:24:55","2020-06-04 13:42:06","2020-06-04 01:07:29",,,,,,,,,,,,"Reforzamos el aprendizaje escolar a niñas y niños en asentamientos.","Somos un grupo de voluntarios que buscamos superar la desigualdad educacional potenciando el desarrollo integral de las niñas y niños que viven en los asentamientos, por medio de la integración del ámbito académico y socioafectivo, en el encuentro entre nosotros y la comunidad. (Actualmente lo hacemos de forma virtual)",-25.309112,-57.457871,"Asentamiento San Cayetano, Luque","Somos una organización o grupo",,,,,,,,,,,,,,,,,,,,,,,,,,,,,,,,,"Ayuda Psicológica,Ollas populares,Articulación de donaciones y distribución de ayuda,Grupo de apoyo / Voluntarios,Capacitaciones / Talleres / Charlas / Webinars,Materiales educativos,Educación en general","Sociedad Civil","5/e/5ed84d663e01b-logo apoyo escolar_mesa de trabajo 1 copia.jpg",,"Apoyo Escolar Paraguay",aescolar19@gmail.com,wa.link/5ugp8e,https://www.instagram.com/apoyoescolar_py/?hl=es-la,"Esta iniciativa está activa hace más de 4 años, y, actualmente trabajamos en los asentamientos “San Cayetano” (Luque), “Divino Niño” (Luque) y “Santa Rosa” (Limpio). Somos más de 200 voluntarios, la ayuda es a más de 280 familias.",Otro,,,"Estoy de acuerdo en que sea pública la información proporcionada en el presente formulario",,,,,,,,,,
16,"Ofrecimientos de ayuda y otras iniciativas ciudadanas",draft,"2020-06-03 23:35:28",,"2020-06-03 23:35:28",,,,,,,,,,,,"Pytu, desarrollo de respiradores","Grupo de investigadores, cientificos, ingenieros y estudiantes organizados para desarrollar prototipo de respiradores.",-25.303975,-57.562085,Asunción,"Somos una organización o colectivo",,,,,,,,,,,,,,,,,,,,,,,,,,,,,,,,,"Maker (Impresión 3D / Mascarillas / Otras construcciones)",Academia,,,PYTU,,,https://twitter.com/respirapydiy,,Otro,https://docs.google.com/spreadsheets/d/1QLjSLRQt6w1_ZdfUhwvkJp3-5LrXruD1tWjNeIcvcKQ/edit#gid=0,,,,,,,,,,,,
15,"Ofrecimientos de ayuda y otras iniciativas ciudadanas",draft,"2020-06-03 23:30:02",,"2020-06-03 23:30:02",,,,,,,,,,,,"Pytu, desarrollo de respiradores","Grupo de investigadores, cientificos, ingenieros y estudiantes organizados para desarrollar prototipo de respiradores.",-25.303975,-57.562085,Asunción,"Somos una organización o colectivo",,,,,,,,,,,,,,,,,,,,,,,,,,,,,,,,,"Maker (Impresión 3D / Mascarillas / Otras construcciones)",Academia,,,PYTU,,,https://twitter.com/respirapydiy,,Otro,https://docs.google.com/spreadsheets/d/1QLjSLRQt6w1_ZdfUhwvkJp3-5LrXruD1tWjNeIcvcKQ/edit#gid=0,,,,,,,,,,,,
14,"Ofrecimientos de ayuda y otras iniciativas ciudadanas",published,"2020-06-03 22:10:56","2020-06-03 22:11:12","2020-06-03 22:08:18",,,,,,,,,,,,"Gestión Solidaridad Paraguay","Somos un grupo de mujeres voluntarias, encargada de la gestión de alimentos y abrigos para personas en situación de vulnerabilidad en los distintos puntos de la Ciudad de Asunción y Gran Asunción",-25.299279,-57.647534,Asunción,"Somos una organización o grupo",,,,,,,,,,,,,,,,,,,,,,,,,,,,,,,,,"Ollas populares","Sociedad Civil",,,"Gestión Solidaria Paraguay",gestionsolidariapy@gmail.com,971394518,,,"Reporte ciudadano",,,"Estoy de acuerdo en que sea pública la información proporcionada en el presente formulario",,,,,,,,,,
13,"Ofrecimientos de ayuda y otras iniciativas ciudadanas",published,"2020-06-03 22:07:28","2020-06-03 22:11:09","2020-06-03 22:02:58",,,,,,,,,,,,"Equipos de protección impresos en 3D para el personal de salud","Iniciativa que busca utilizar impresoras 3D para imprimir equipos de protección para el personal de salud.",-25.334485,-57.513796,"Campus Universitario, San Lorenzo","Somos una organización o grupo",,,,,,,,,,,,,,,,,,,,,,,,,,,,,,,,,"Maker (Impresión 3D / Mascarillas / Otras construcciones)",Academia,,,CIDi/FADA,juan.cristaldo@cidi.fada.una.py,981806235,,,"Reporte ciudadano",,,"Estoy de acuerdo en que sea pública la información proporcionada en el presente formulario",,,,,,,,,,
12,"Ofrecimientos de ayuda y otras iniciativas ciudadanas",published,"2020-06-03 22:00:48","2020-06-03 22:01:08","2020-06-03 21:49:07",,,,,,,,,,,,"Mboja'o S. A","Empresa Social que lucha contra el desperdicio de alimentos. Ofrecemos un servicio a los locales gastronómicos y eventos sociales de recogida de alimentos que son descartados y se encuentran en perfectas condiciones para el consumo. Lo recogemos y entregamos a comedores sociales y comunidades donde existen personas en situación de vulnerabilidad.",-25.288638,-57.63368,"Asunción, Central","Somos una organización o grupo",,,,,,,,,,,,,,,,,,,,,,,,,,,,,,,,,"Ollas populares",Privado,,,"Mboja'o S.A.",hola@mbojao.com.py,975262000,,,"Reporte ciudadano",,,,,,,,,,,,,
11,Necesidades,published,"2020-06-03 21:43:29","2020-06-03 21:43:58","2020-06-03 21:33:09",,,,,,@ollaspy,"Ingredientes perecederos y no perecederos",-25.325951,-57.542953,"Fernando De La Mora",,,,,,,,,,,,,,,,,,,,,,,,,,,,"Ollas populares","Necesidad propia","Necesidad individual","Noelia Maria Leguizamón Cabral",595981597300,,,NO,"Reporte ciudadano",,,"Si, acepto",,,,,,,,,,,,,,,,,,,,,,,
10,"Ofrecimientos de ayuda y otras iniciativas ciudadanas",draft,"2020-05-29 13:49:16","2020-06-08 14:33:13","2020-05-29 13:42:50",,,,,,,,,,,,"Olla solidaria desde casa - Fundación San José","Esta fundación te invita a que colabores desde tu casa a las ollas populares de los barrios vulnerables. Hay un número en el cual puedes contactar y sumarte. La idea es que ellos te manden una receta, tú cocines en tu casa y después la se la llevas a un punto y ellos ya se encargan de repartirlas en los barrios y comunidades.",-25.3173,-57.570447,,"Somos una organización o grupo",,,,,,,,,,,,,,,,,,,,,,,,,,,,,,,,,"Ollas populares,Grupo de apoyo / Voluntarios,Víveres / Seguridad alimentaria / Nutrición","Sociedad Civil",,,,,+595982941493,,,"Reporte identificado por equipo impulsor",,,,,,,,,,,,,
9,"Ofrecimientos de ayuda y otras iniciativas ciudadanas",draft,"2020-05-28 21:51:06","2020-06-08 14:28:51","2020-05-28 21:44:36",,,,,,,,,,,,"Play Drácena","Drácena es un espacio cultural auto gestionado enfocado a la música. Como el resto de espacios culturales independientes, han tenido que cerrar sus puertas sin la posibilidad de generar actividades, que son su principal fuente de ingreso. Junto con voluntarios, Dracena generó “Play Drácena”, una serie de conciertos, charlas y talleres, todo el mes, de manera online. Con la entrada se busca seguir sostenido el espacio y el colectivo. Podés colaborar comprando tickets online en Passline, haciendo transferencias o giros",-25.287411,-57.632815,,"Somos una organización o grupo",,,,,,,,,,,,,,,,,,,,,,,,,,,,,,,,,"Autogestión comunitaria,Artes escénicas / Exposiciones / Música / etc.,Capacitaciones / Talleres / Charlas / Webinars",Privado,,,,,"0981 613172",,,"Reporte identificado por equipo impulsor",,,,,,,,,,,,,
8,"Ofrecimientos de ayuda y otras iniciativas ciudadanas",draft,"2020-05-28 21:38:46","2020-06-08 14:30:32","2020-05-28 21:31:36",,,,,,,,,,,,"Recogida de víveres para ollas populares - Brigada Solidaria","Colectivo de organizaciones de diferentes barrios de Asunción y área metropolitana que se coordinan para conseguir alimentos y coordinar la elaboración de ollas populares en los distintos barrios.",-25.296893,-57.628862,,"Somos una organización o grupo",,,,,,,,,,,,,,,,,,,,,,,,,,,,,,,,,"Ollas populares,Articulación de donaciones y distribución de ayuda,Víveres / Seguridad alimentaria / Nutrición","Sociedad Civil",,,"Brigadas Solidarias",,"0971544772 / 0981744615",,,"Reporte identificado por equipo impulsor",,,,,,,,,,,,,
7,"Productos y servicios",draft,"2020-05-28 21:04:43","2020-06-04 13:42:38","2020-05-28 20:49:32",,,,,,,,,,,,,,,,,,"La Red Agroecológica","La red Agroecológica es una red que nuclea a pequeños productores de productos agroecológicos, que no tiene llegada a tiendas convencionales y supermercados. Los productores lograron establecer una feria semanal de los sábados en la Plaza De las Mujeres en el centro de Asunción. En el contexto de la cuarentena, los productores lograron articular un sistema para recibir pedidos que puedan ser retirados los sábados en La Caósfera o acercados a las casas. Ahora ya consiguieron generar una plataforma de pedidos, donde puedes pedir de distintos productores.","Alimentos y Bebidas,Regalos y Artesanías",0976988372,,www.redagro.org,,,,,,,,,,,,,,,,,,,,,,,,,,,,,,,,,,,,,,,,,-25.279781,-57.643615,"Gral Díaz 1163 (entre Hernandarias y Dos Bosco)","Mercados solidarios  / Campesinos,Víveres / Seguridad alimentaria / Nutrición",,,"Reporte identificado por equipo impulsor",,
3,"Productos y servicios",published,"2020-05-19 07:33:30","2020-05-19 12:17:55","2020-05-19 07:28:34",,,,,,,,,,,,,,,,,,"LAVAMANOS PORTATIL","Nos adecuamos a tu necesidad, somos fabricadores. Lavamanos portatil le colocamos el logo de tu empresa ¡SIN COSTO ADICIONAL! 
• Color a elección 
• Disponibilidad inmediata 
• Emitimos Factura legal 
• Instalación sin costo 
• Fácil de transladar. 

NO PIERDAS TIEMPO COMUNICATE CONMIGO.

Fuente: <img src=""https://productospy.org/assets/img/logo.png"" alt=""Logo productospy"" class=""logo-top"">
https://productospy.org/","Otros,Tecnología",https://wa.me/595972469122,,,,,,,,,,,,,,,,,,,,,,,,,,,,,,,,,,,,,,,,,,,-25.241018,-57.582536,,Higiene,,,ProductosPY,,
2,"Ofrecimientos de ayuda y otras iniciativas ciudadanas",published,"2020-05-19 06:49:51","2020-05-19 06:59:05","2020-05-19 06:45:36",,,,,,,,,,,,"Pytu, desarrollo de respiradores","Grupo de investigadores, cientificos, ingenieros y estudiantes organizados para desarrollar prototipo de respiradores.",-25.303975,-57.562085,Asunción,"Somos una organización o colectivo",,,,,,,,,,,,,,,,,,,,,,,,,,,,,,,,,"Maker (Impresión 3D / Mascarillas / Otras construcciones)",Academia,5/e/5ec3818decfa7-kr0ptjfl_400x400.jpg,,PYTU,,,https://twitter.com/respirapydiy,,Otro,https://docs.google.com/spreadsheets/d/1QLjSLRQt6w1_ZdfUhwvkJp3-5LrXruD1tWjNeIcvcKQ/edit#gid=0,,,,,,,,,,,,
1,"Productos y servicios",published,"2020-05-18 18:38:46","2020-05-19 07:09:30","2020-05-18 18:36:26",,,,,,,,,,,,,,,,,,"Asistencia psicológica online gratuita","Socios voluntarios de la Sociedad Paraguaya de Psicología prestan consulta de manera gratuita online en el marco del COVID-19

http://spps.org.py/images/pdf/COVID-19_-_SOCIOS_VOLUNTARIOS.pdf?fbclid=IwAR0kKyLEBHr-29Esk6PvqhLX1QojmqPu7x3X2WDNsDyAdL1pKgXEDNyeheY","Otros,Servicios Personales",,,http://spps.org.py/images/pdf/COVID-19_-_SOCIOS_VOLUNTARIOS.pdf?fbclid=IwAR0kKyLEBHr-29Esk6PvqhLX1QojmqPu7x3X2WDNsDyAdL1pKgXEDNyeheY,,,,,,,,,,,,,,,,,,,,,,,,,,,,,,,,,,,,,,,,,-25.280046,-57.634381,,"Atención/Cuidados,Ayuda Psicológica",,,,,
